<?xml version='1.0' encoding='UTF-8'?>  
<!DOCTYPE hibernate-configuration PUBLIC "-//Hibernate/Hibernate Configuration DTD 3.0//EN" 
  "http://www.hibernate.org/dtd/hibernate-configuration-3.0.dtd">
<hibernate-configuration>
    <session-factory>
        <property name="hibernate.hbm2ddl.auto">update</property>  
        <property name="hibernate.dialect">org.hibernate.dialect.MySQL8Dialect</property>  
        <property name="hibernate.connection.url">jdbc:mysql://localhost:3306/labexam</property>  
        <property name="hibernate.connection.username">root</property>  
        <property name="hibernate.connection.password">Sai@kiran82</property>  
        <property name="hibernate.connection.driver_class">com.mysql.cj.jdbc.Driver</property>  

        <!-- Entity Class Mappings -->
        <mapping class="com.klef.jfsd.exam.Device"/>
        <mapping class="com.klef.jfsd.exam.Smartphone"/>
        <mapping class="com.klef.jfsd.exam.Tablet"/>
    </session-factory>
</hibernate-configuration>
